time,ax,ay,az,atotal
0,-0.03,0.03,0,0.04
0.01,-0.03,0.03,-0.01,0.04
0.02,-0.03,0.03,-0.02,0.05
0.03,-0.02,0.03,-0.01,0.04
0.041,-0.03,0.02,-0.01,0.04
0.051,-0.04,0.03,-0.01,0.05
0.061,-0.03,0.03,0,0.04
0.071,-0.03,0.03,-0.01,0.04
0.081,-0.03,0.03,0,0.04
0.091,-0.03,0.03,-0.02,0.04
0.101,-0.04,0.03,-0.01,0.05
0.111,-0.03,0.03,-0.01,0.05
0.121,-0.03,0.03,0,0.04
0.131,-0.03,0.03,0,0.04
0.141,-0.03,0.03,-0.02,0.04
0.151,-0.03,0.03,-0.01,0.04
0.161,-0.03,0.03,-0.02,0.05
0.171,-0.03,0.04,-0.01,0.05
0.181,-0.03,0.03,0,0.04
0.19,-0.03,0.03,-0.01,0.04
0.2,-0.03,0.02,-0.01,0.04
0.21,-0.02,0.03,0,0.04
0.22,-0.04,0.04,0,0.05
0.23,-0.03,0.03,-0.01,0.04
0.24,-0.04,0.03,-0.01,0.05
0.25,-0.03,0.03,-0.01,0.04
0.26,-0.03,0.03,-0.01,0.05
0.27,-0.04,0.03,-0.01,0.05
0.28,-0.03,0.03,0,0.04
0.29,-0.04,0.03,-0.01,0.05
0.3,-0.03,0.03,0,0.04
0.31,-0.03,0.03,0,0.04
0.32,-0.03,0.03,0,0.04
0.33,-0.02,0.02,0,0.03
0.34,-0.02,0.03,0,0.04
0.35,-0.03,0.03,-0.01,0.05
0.36,-0.03,0.03,-0.01,0.04
0.37,-0.03,0.03,0,0.04
0.38,-0.03,0.03,-0.01,0.05
0.39,-0.02,0.03,-0.01,0.04
0.4,-0.02,0.03,0,0.04
0.41,-0.03,0.04,-0.01,0.05
0.42,-0.03,0.03,0,0.04
0.43,-0.03,0.02,0,0.04
0.439,-0.03,0.03,0,0.04
0.449,-0.03,0.03,0,0.04
0.459,-0.02,0.03,0,0.04
0.469,-0.03,0.02,0,0.04
0.479,-0.03,0.02,-0.01,0.03
0.489,-0.02,0.03,0,0.04
0.499,-0.03,0.03,-0.01,0.04
0.509,-0.02,0.03,-0.01,0.04
0.519,-0.03,0.03,-0.01,0.05
0.529,-0.03,0.04,0,0.05
0.539,-0.03,0.03,-0.01,0.05
0.549,-0.03,0.03,0,0.04
0.559,-0.03,0.03,-0.01,0.04
0.569,-0.03,0.03,-0.01,0.04
0.579,-0.04,0.03,-0.01,0.05
0.589,-0.03,0.03,0,0.04
0.599,-0.02,0.03,-0.01,0.03
0.609,-0.03,0.03,-0.02,0.05
0.619,-0.03,0.03,-0.01,0.04
0.629,-0.02,0.03,-0.01,0.04
0.639,-0.02,0.03,-0.01,0.03
0.649,-0.03,0.04,-0.02,0.05
0.659,-0.03,0.03,-0.03,0.05
0.668,-0.02,0.03,-0.01,0.04
0.679,-0.03,0.03,0,0.04
0.688,-0.03,0.02,0.02,0.04
0.698,-0.03,0.03,0.02,0.04
0.708,-0.03,0.03,0.01,0.05
0.718,-0.03,0.03,0.02,0.04
0.728,-0.03,0.03,0.01,0.04
0.738,-0.03,0.03,0.01,0.04
0.748,-0.03,0.03,0.02,0.05
0.758,-0.03,0.03,0.03,0.06
0.768,-0.03,0.03,0.02,0.05
0.778,-0.04,0.03,-0.01,0.05
0.788,-0.03,0.02,-0.03,0.04
0.798,-0.03,-0.01,-0.03,0.04
0.808,-0.02,-0.05,-0.01,0.05
0.818,-0.04,0.12,-0.03,0.13
0.828,-0.02,0.03,-0.05,0.06
0.838,-0.03,0.02,-0.04,0.05
0.848,-0.03,0.05,0,0.06
0.858,-0.03,0.02,0.01,0.03
0.868,-0.04,0.02,-0.02,0.05
0.878,-0.03,0.03,-0.02,0.05
0.888,-0.03,0.04,0,0.05
0.898,-0.02,0.03,0.01,0.04
0.908,-0.02,0.03,0.01,0.04
0.917,-0.03,0.02,-0.01,0.04
0.927,-0.03,0.03,-0.02,0.05
0.937,-0.02,0.02,-0.01,0.03
0.947,-0.03,0.02,0,0.04
0.957,-0.02,0.03,-0.01,0.04
0.967,-0.02,0.03,-0.02,0.04
0.977,-0.03,0.02,-0.01,0.04
0.987,-0.04,0.02,-0.01,0.04
0.997,-0.03,0.03,0,0.04
1.007,-0.02,0.03,-0.02,0.04
1.017,-0.02,0.03,0,0.03
1.027,-0.03,0.03,0,0.04
1.037,-0.03,0.03,0,0.04
1.047,-0.03,0.02,-0.01,0.04
1.057,-0.03,0.02,-0.01,0.04
1.067,-0.03,0.03,-0.01,0.05
1.077,-0.03,0.03,-0.01,0.04
1.087,-0.03,0.03,-0.01,0.04
1.097,-0.03,0.03,-0.01,0.04
1.107,-0.03,0.03,-0.01,0.04
1.117,-0.02,0.02,0,0.03
1.127,-0.03,0.03,0,0.04
1.137,-0.02,0.03,0,0.04
1.147,-0.02,0.03,-0.03,0.04
1.156,0.39,0.06,-1.72,1.76
1.167,-0.46,-0.41,0.31,0.69
1.176,-0.09,0.57,1.7,1.79
1.186,0.29,0.37,1.56,1.63
1.196,-0.43,0.45,-0.54,0.82
1.206,0.13,-0.52,-2.33,2.39
1.216,-0.1,-0.57,-1.13,1.27
1.226,0.08,0.31,1.22,1.26
1.236,-0.06,0.09,1.78,1.78
1.246,0,0.04,0.23,0.23
1.256,-0.05,-0.04,-1.39,1.39
1.266,-0.06,-0.05,-0.96,0.96
1.276,-0.02,0.05,0.35,0.35
1.286,-0.03,0.1,1.14,1.14
1.296,-0.02,0.05,0.38,0.38
1.306,-0.02,-0.02,-0.71,0.71
1.316,-0.05,-0.01,-0.7,0.71
1.326,-0.03,0.04,0.09,0.1
1.336,-0.02,0.07,0.7,0.7
1.346,-0.03,0.05,0.27,0.28
1.356,-0.03,0.01,-0.38,0.38
1.366,-0.04,0,-0.44,0.44
1.375,-0.03,0.03,0.06,0.07
1.386,-0.03,0.05,0.43,0.43
1.395,-0.02,0.03,0.14,0.14
1.406,-0.02,0.01,-0.24,0.24
1.416,-0.03,0.01,-0.3,0.3
1.425,-0.03,0.04,0.07,0.09
1.436,-0.04,0.04,0.27,0.28
1.445,-0.03,0.03,0.03,0.06
1.455,-0.03,0.02,-0.21,0.22
1.465,-0.03,0.02,-0.17,0.17
1.475,-0.03,0.04,0.11,0.12
1.485,-0.04,0.04,0.17,0.18
1.495,-0.03,0.03,-0.02,0.05
1.505,-0.02,0.02,-0.19,0.19
1.515,-0.03,0.04,-0.08,0.09
1.525,-0.03,0.03,0.14,0.15
1.535,-0.03,0.03,0.11,0.12
1.545,-0.03,0.03,-0.09,0.1
1.555,-0.03,0.02,-0.15,0.15
1.565,-0.02,0.03,-0.01,0.04
1.575,-0.03,0.04,0.13,0.14
1.585,-0.02,0.03,0.05,0.06
1.595,-0.03,0.03,-0.1,0.11
1.605,-0.02,0.02,-0.12,0.13
1.615,-0.04,0.03,0.04,0.06
1.624,-0.04,0.04,0.12,0.13
1.635,-0.02,0.03,0.02,0.04
1.645,-0.03,0.02,-0.1,0.11
1.655,-0.03,0.02,-0.07,0.08
1.664,-0.03,0.03,0.04,0.06
1.674,-0.03,0.03,0.09,0.1
1.684,-0.03,0.02,0.01,0.04
1.694,-0.02,0.02,-0.07,0.08
1.704,-0.02,0.03,-0.05,0.06
1.714,-0.03,0.04,0.04,0.06
1.724,-0.04,0.03,0.07,0.09
1.734,-0.03,0.03,-0.02,0.05
1.744,-0.02,0.03,-0.06,0.07
1.754,-0.01,0.01,-0.02,0.02
1.764,-0.01,0.02,0.02,0.03
1.774,-0.03,0.02,0.01,0.04
1.784,-0.05,0.04,-0.04,0.07
1.794,-0.04,0.04,-0.05,0.07
1.804,-0.03,0.03,-0.03,0.04
1.814,-0.03,0.03,0.02,0.05
1.824,-0.02,0.03,0.02,0.05
1.834,-0.02,0.03,-0.03,0.05
1.844,-0.03,0.03,-0.05,0.07
1.854,-0.03,0.03,-0.02,0.04
1.864,-0.03,0.04,0.01,0.05
1.874,-0.03,0.03,0.03,0.05
1.884,-0.03,0.03,0.02,0.05
1.893,-0.03,0.03,0.02,0.05
1.904,-0.03,0.03,0.01,0.04
1.913,-0.03,0.02,0.01,0.04
1.923,-0.02,0.02,0,0.03
1.933,-0.03,0.02,0,0.04
1.943,-0.03,-0.02,0,0.04
1.953,-0.03,0.06,0,0.07
1.963,-0.03,0.04,-0.02,0.05
1.973,-0.02,0.03,-0.03,0.05
1.983,-0.02,0.03,-0.01,0.04
1.993,-0.02,0.03,0.01,0.04
2.003,-0.03,0.02,0.03,0.05
2.013,-0.03,0.02,0.01,0.04
2.023,-0.06,0,-0.03,0.07
2.033,-0.03,0.01,-0.06,0.07
2.043,0.01,0.07,-0.05,0.09
2.053,-0.03,0.02,0,0.03
2.063,-0.02,0.03,0,0.03
2.073,-0.02,0.03,-0.02,0.04
2.083,-0.03,0.03,-0.01,0.04
2.093,-0.03,0.02,0,0.04
2.103,-0.02,0.03,0.01,0.04
2.113,-0.03,0.02,0,0.04
2.123,-0.03,0.02,-0.02,0.04
2.132,-0.02,0.03,-0.02,0.04
2.143,-0.03,0.02,0,0.04
2.152,-0.03,0.04,0,0.05
2.162,-0.03,0.03,-0.02,0.04
2.172,-0.03,0.02,-0.02,0.04
2.182,-0.02,0.03,-0.02,0.04
2.192,-0.03,0.03,0.01,0.04
2.202,-0.03,0.02,0,0.04
2.212,-0.03,0.03,-0.18,0.18
2.222,0.07,0.13,-0.83,0.84
2.232,-0.02,-2.19,-0.11,2.2
2.242,1.2,-1.06,0.98,1.88
2.252,-0.97,2.2,1.27,2.72
2.262,-0.59,1.98,-0.28,2.08
2.272,0.08,-0.38,-1.37,1.43
2.282,0.01,-0.9,-0.77,1.18
2.292,-0.04,0.5,0.87,1.01
2.302,0,0.02,1.34,1.34
2.312,-0.02,0.04,0.05,0.07
2.322,-0.04,0.03,-1.01,1.01
2.332,-0.03,0,-0.63,0.63
2.341,-0.02,-0.01,0.36,0.37
2.351,-0.03,0.05,0.81,0.82
2.361,-0.03,0.04,0.11,0.12
2.372,-0.12,-0.02,-0.62,0.63
2.381,0.03,0.06,-0.55,0.55
2.391,0.02,-0.02,0.17,0.17
2.401,-0.03,0.06,0.47,0.48
2.411,-0.03,0.03,0.09,0.1
2.421,-0.02,0.01,-0.34,0.34
2.431,-0.02,0.01,-0.29,0.29
2.441,-0.02,0.03,0.17,0.17
2.451,-0.02,0.05,0.29,0.29
2.461,-0.02,0.03,0,0.03
2.471,-0.02,0.01,-0.25,0.25
2.481,-0.02,0.02,-0.16,0.16
2.491,-0.03,0.03,0.16,0.16
2.501,-0.02,0.04,0.18,0.18
2.511,-0.02,0.02,-0.05,0.06
2.521,-0.03,0,-0.19,0.19
2.531,-0.02,0.02,-0.05,0.06
2.541,-0.03,0.03,0.15,0.16
2.551,-0.02,0.04,0.11,0.12
2.561,-0.02,0.02,-0.1,0.11
2.571,-0.03,0.02,-0.15,0.15
2.581,-0.03,0.03,0.01,0.04
2.591,-0.03,0.03,0.14,0.15
2.601,-0.02,0.03,0.03,0.05
2.61,0.19,-0.02,-0.42,0.46
2.621,-0.28,-1.08,-1.52,1.89
2.63,0.35,-3.26,1.81,3.74
2.64,0.62,0.55,1,1.3
2.65,-0.66,2.52,0.41,2.64
2.66,-0.34,1.78,-1.97,2.68
2.67,-0.22,0.03,-0.83,0.86
2.68,0.09,-0.52,0.3,0.61
2.69,-0.03,0.33,1.74,1.77
2.7,-0.01,0,0.48,0.48
2.71,0,0.01,-0.9,0.9
2.72,-0.06,-0.06,-1.06,1.07
2.73,-0.03,0.06,0.18,0.19
2.74,-0.04,0.1,0.96,0.96
2.75,-0.02,0.08,0.47,0.48
2.76,-0.01,-0.03,-0.51,0.51
2.77,-0.03,-0.04,-0.75,0.76
2.78,-0.03,0.04,0,0.05
2.79,-0.03,0.06,0.63,0.64
2.8,-0.04,0.1,0.37,0.39
2.81,-0.07,0.13,-0.29,0.33
2.82,-0.03,-0.11,-0.56,0.57
2.83,0.07,-0.06,-0.12,0.15
2.84,-0.05,0.06,0.33,0.34
2.849,-0.02,0.03,0.25,0.26
2.859,-0.03,0.02,-0.14,0.15
2.869,-0.02,0.01,-0.33,0.33
2.879,-0.03,0.03,-0.03,0.05
2.889,-0.04,0.04,0.25,0.26
2.899,-0.02,0.04,0.14,0.15
2.909,-0.02,0.02,-0.15,0.15
2.919,-0.02,0.02,-0.2,0.2
2.929,-0.03,0.03,0.02,0.05
2.939,-0.02,0.04,0.19,0.19
2.949,-0.02,0.03,0.04,0.06
2.959,-0.03,0.01,-0.16,0.16
2.969,-0.03,0.02,-0.13,0.13
2.979,-0.02,0.03,0.09,0.1
2.989,-0.02,0.04,0.13,0.14
2.999,-0.02,0.02,-0.04,0.05
3.009,-0.02,0.02,-0.14,0.14
3.019,-0.02,0.02,-0.03,0.05
3.029,0,0.04,0.09,0.09
3.039,0.27,0.13,-0.09,0.31
3.049,-0.43,-0.42,-1.27,1.4
3.059,-0.44,-2.28,0.73,2.43
3.069,0.88,0.72,0.87,1.43
3.078,-0.35,2.38,0.99,2.6
3.089,-0.15,0.02,-1.09,1.1
3.098,0,-0.57,-1.08,1.22
3.108,-0.02,0.17,-0.11,0.2
3.118,-0.03,0.09,1.18,1.19
3.128,-0.02,0.05,0.85,0.86
3.138,-0.01,0.01,-0.45,0.45
3.148,-0.05,-0.04,-0.96,0.96
3.158,-0.02,0.03,-0.16,0.16
3.168,-0.03,0.07,0.63,0.63
3.178,-0.04,0.05,0.57,0.57
3.188,-0.03,0.01,-0.26,0.26
3.198,-0.03,-0.01,-0.6,0.6
3.208,-0.06,0.02,-0.17,0.18
3.218,-0.07,0.15,0.39,0.42
3.228,0.16,0.14,0.27,0.35
3.238,-0.08,-0.22,-0.24,0.34
3.248,-0.03,0.03,-0.39,0.39
3.258,-0.02,0.02,-0.02,0.04
3.268,-0.03,0.03,0.31,0.31
3.278,-0.03,0.03,0.14,0.14
3.288,-0.03,0.02,-0.18,0.19
3.298,-0.03,0.01,-0.22,0.22
3.308,-0.03,0.02,0.05,0.06
3.318,-0.03,0.04,0.21,0.22
3.327,-0.03,0.03,0.03,0.05
3.338,-0.03,0.02,-0.18,0.18
3.347,-0.03,0.02,-0.12,0.13
3.357,-0.03,0.03,0.1,0.1
3.367,-0.02,0.03,0.14,0.15
3.377,-0.03,0.02,-0.03,0.05
3.387,-0.02,0.02,-0.16,0.16
3.397,-0.03,0.03,-0.07,0.08
3.407,-0.03,0.03,0.12,0.13
3.417,-0.02,0.03,0.09,0.1
3.427,-0.02,0.02,-0.09,0.09
3.437,-0.01,0.03,-0.14,0.14
3.447,0.21,0.12,-0.17,0.3
3.457,-0.48,-0.57,-1.34,1.53
3.467,0.16,-2.43,1.17,2.71
3.477,0.37,1.62,1.12,2.01
3.487,-0.41,2.01,0.53,2.12
3.497,0.05,-0.35,-1.55,1.59
3.507,-0.08,-0.37,-1,1.07
3.517,-0.03,0.12,0.21,0.25
3.527,-0.02,0.1,1.51,1.51
3.537,-0.02,0.04,0.64,0.64
3.547,-0.01,-0.01,-0.71,0.71
3.557,-0.05,-0.05,-1.04,1.04
3.566,-0.03,0.04,0.09,0.11
3.576,-0.03,0.06,0.77,0.77
3.586,-0.03,0.05,0.45,0.45
3.596,-0.01,0,-0.45,0.45
3.607,-0.03,-0.01,-0.63,0.63
3.616,-0.05,0.1,-0.01,0.11
3.626,-0.02,0.06,0.49,0.49
3.636,-0.05,-0.01,0.24,0.24
3.646,-0.01,0.04,-0.3,0.31
3.656,0.08,0.09,-0.39,0.41
3.666,-0.09,-0.05,0.02,0.11
3.676,-0.03,0.03,0.33,0.33
3.686,-0.03,0.03,0.12,0.12
3.696,-0.02,0.01,-0.21,0.21
3.706,-0.02,0.02,-0.23,0.24
3.716,-0.03,0.04,0.06,0.08
3.726,-0.04,0.04,0.25,0.26
3.736,-0.02,0.03,0.03,0.04
3.746,-0.02,0.01,-0.2,0.2
3.756,-0.03,0.02,-0.15,0.15
3.766,-0.03,0.03,0.09,0.1
3.776,-0.03,0.03,0.17,0.18
3.786,-0.02,0.02,-0.02,0.04
3.795,-0.03,0.01,-0.19,0.19
3.806,-0.03,0.03,-0.08,0.09
3.815,-0.03,0.03,0.13,0.14
3.825,-0.02,0.03,0.13,0.13
3.835,-0.02,0.02,-0.07,0.07
3.845,-0.02,0.02,-0.17,0.17
3.856,0.07,0.07,-0.05,0.11
3.865,0.13,0.66,-1.02,1.22
3.875,-1.34,-1.95,0.19,2.37
3.885,0.48,-0.85,0.94,1.35
3.895,0.72,2.41,1.64,3
3.905,0.04,0.92,-0.74,1.18
3.915,-0.29,-0.99,-1.77,2.05
3.925,-0.08,-0.19,-0.52,0.56
3.935,0,0.23,1.14,1.16
3.945,-0.02,0.06,1.33,1.33
3.955,-0.01,0.03,0,0.03
3.965,-0.05,-0.03,-1.25,1.25
3.975,-0.04,-0.01,-0.56,0.56
3.985,-0.05,0.06,0.46,0.46
3.995,-0.03,0.07,0.88,0.88
4.003,-0.01,0.03,0.06,0.07
4.013,-0.03,-0.01,-0.66,0.66
4.023,-0.05,0.01,-0.49,0.49
4.033,-0.04,0.06,0.27,0.28
4.043,0.08,0.03,0.46,0.47
4.053,0,0.04,-0.03,0.05
4.063,-0.07,0,-0.43,0.43
4.073,-0.03,0.01,-0.24,0.24
4.083,-0.04,0.04,0.26,0.26
4.093,-0.03,0.04,0.31,0.32
4.103,-0.02,0.03,-0.09,0.1
4.113,-0.03,0.01,-0.29,0.29
4.123,-0.03,0.03,-0.12,0.13
4.133,-0.03,0.04,0.23,0.23
4.143,-0.03,0.04,0.17,0.18
4.153,-0.03,0.02,-0.12,0.12
4.163,-0.02,0.02,-0.23,0.23
4.173,-0.02,0.03,-0.03,0.05
4.183,-0.03,0.04,0.2,0.21
4.193,-0.02,0.04,0.11,0.11
4.203,-0.02,0.02,-0.15,0.15
4.212,-0.02,0.02,-0.19,0.19
4.222,-0.02,0.03,0.03,0.04
4.232,-0.02,0.03,0.19,0.19
4.242,-0.02,0.03,0.03,0.05
4.252,0.05,0.05,-0.2,0.21
4.262,-0.33,-0.11,-1.07,1.13
4.272,-2.12,-1.76,0.21,2.76
4.282,0.48,-0.44,0.45,0.79
4.292,2.1,2.18,1.74,3.49
4.302,0.56,1.43,-0.68,1.68
4.312,-0.8,-1.07,-1.46,1.98
4.322,-0.23,-0.35,-0.46,0.62
4.332,0.19,0.42,1.12,1.22
4.342,-0.07,-0.01,1.12,1.12
4.352,-0.01,0.01,-0.12,0.12
4.364,-0.04,-0.03,-1.11,1.12
4.374,-0.03,0,-0.46,0.46
4.384,-0.04,0.05,0.49,0.5
4.394,-0.04,0.06,0.77,0.77
4.404,-0.03,0.03,-0.02,0.04
4.414,-0.02,-0.01,-0.64,0.64
4.424,-0.03,0,-0.41,0.41
4.434,0.03,0.07,0.22,0.23
4.444,-0.04,0.04,0.4,0.4
4.454,-0.02,0.02,-0.02,0.04
4.464,-0.02,0.01,-0.32,0.32
4.474,-0.03,0.02,-0.19,0.19
4.484,-0.02,0.04,0.19,0.2
4.494,-0.02,0.04,0.23,0.23
4.504,-0.02,0.02,-0.06,0.07
4.514,-0.02,0.02,-0.23,0.23
4.524,-0.02,0.02,-0.09,0.09
4.534,-0.02,0.03,0.18,0.18
4.544,-0.02,0.04,0.12,0.13
4.554,-0.02,0.03,-0.09,0.1
4.564,-0.02,0.02,-0.18,0.18
4.574,-0.02,0.02,-0.02,0.04
4.584,-0.01,0.03,0.14,0.14
4.593,-0.02,0.03,0.06,0.07
4.603,-0.03,0.02,-0.1,0.11
4.613,-0.03,0.02,-0.12,0.13
4.624,-0.02,0.03,0.04,0.05
4.633,-0.02,0.03,0.12,0.12
4.643,-0.02,0.03,0,0.03
4.653,-0.01,0.03,-0.12,0.13
4.663,0.12,0.09,-0.65,0.67
4.673,-1.82,-0.78,-1.04,2.23
4.683,-0.26,-0.65,1.45,1.61
4.693,2.08,1.53,1.66,3.07
4.703,0.58,0.56,-0.24,0.84
4.713,-0.9,-0.66,-2.09,2.37
4.723,0.01,0.02,-0.74,0.74
4.733,0,0.09,1.02,1.02
4.743,-0.01,0.12,1.56,1.56
4.753,-0.02,0.02,0.24,0.24
4.763,-0.03,-0.01,-1.22,1.22
4.773,-0.04,-0.04,-0.88,0.88
4.783,-0.03,0.06,0.42,0.42
4.793,-0.08,0.09,0.96,0.96
4.803,0.01,0.03,0.23,0.23
4.813,0.01,-0.01,-0.71,0.71
4.823,-0.03,0,-0.62,0.62
4.832,-0.03,0.06,0.2,0.21
4.842,-0.02,0.04,0.58,0.58
4.852,0.09,0.03,0.11,0.15
4.862,-0.11,0.02,-0.47,0.48
4.872,-0.03,0.01,-0.36,0.36
4.882,-0.03,0.05,0.16,0.17
4.892,-0.02,0.05,0.42,0.42
4.902,-0.02,0.02,0,0.03
4.912,-0.02,0.01,-0.31,0.31
4.922,-0.02,0.01,-0.22,0.23
4.932,-0.02,0.04,0.17,0.17
4.942,-0.03,0.04,0.27,0.27
4.952,-0.01,0.03,-0.05,0.06
4.962,-0.02,0.01,-0.26,0.26
4.972,-0.02,0.02,-0.12,0.12
4.982,-0.02,0.03,0.16,0.17
4.992,-0.03,0.04,0.18,0.18
5.002,-0.02,0.01,-0.08,0.08
5.012,-0.02,0.01,-0.21,0.21
5.022,-0.02,0.03,-0.04,0.06
5.032,-0.02,0.04,0.17,0.18
5.042,-0.01,0.03,0.09,0.1
5.052,-0.01,0.03,-0.12,0.12
5.062,0.49,-0.06,-0.35,0.6
5.072,-0.56,0.18,-1.14,1.28
5.081,-3.3,0.16,1.01,3.45
5.092,-0.52,-0.21,0.57,0.79
5.101,2.82,-0.11,1.07,3.02
5.111,1.71,0.28,-1.08,2.05
5.122,-0.76,-0.12,-1.23,1.45
5.131,-0.19,0,-0.02,0.19
5.141,0.09,0.11,1.24,1.25
5.151,-0.05,0.06,0.75,0.75
5.161,-0.01,0.02,-0.39,0.39
5.171,-0.04,-0.03,-0.98,0.98
5.181,-0.03,0.01,-0.1,0.1
5.191,-0.03,0.06,0.58,0.59
5.201,-0.08,0.06,0.49,0.5
5.211,0,0,-0.29,0.29
5.221,0,-0.01,-0.6,0.6
5.231,-0.03,0.02,-0.13,0.13
5.241,-0.03,0.05,0.4,0.4
5.251,-0.02,0.03,0.32,0.32
5.261,-0.01,0.02,-0.21,0.21
5.271,0.01,0.02,-0.4,0.4
5.281,-0.03,0.02,-0.09,0.09
5.291,-0.04,0.04,0.28,0.29
5.301,-0.01,0.03,0.19,0.19
5.311,-0.03,0.02,-0.15,0.15
5.321,-0.02,0.01,-0.24,0.24
5.331,-0.02,0.02,-0.01,0.03
5.34,-0.03,0.04,0.23,0.23
5.35,-0.02,0.03,0.08,0.09
5.36,-0.03,0.02,-0.15,0.16
5.37,-0.03,0.02,-0.16,0.17
5.38,-0.02,0.03,0.04,0.06
5.39,-0.02,0.04,0.18,0.18
5.4,-0.02,0.03,0.03,0.05
5.41,-0.03,0.02,-0.15,0.15
5.42,-0.02,0.03,-0.1,0.11
5.43,-0.03,0.03,0.08,0.08
5.44,-0.03,0.03,0.13,0.13
5.45,-0.03,0.03,-0.03,0.05
5.46,-0.02,0.03,-0.14,0.14
5.47,-0.01,0.04,-0.06,0.07
5.48,0.2,0.16,-0.42,0.49
5.49,-0.42,0.66,-1.26,1.48
5.5,-0.51,-0.21,1.59,1.69
5.51,0.91,-0.8,1.18,1.69
5.52,-0.32,0.47,0.26,0.63
5.53,-0.01,-0.13,-1.61,1.62
5.539,-0.03,0,-0.99,0.99
5.549,-0.05,0.01,0.48,0.48
5.559,-0.01,0.15,1.45,1.46
5.569,-0.01,0.04,0.56,0.56
5.579,-0.01,-0.02,-0.88,0.88
5.589,-0.04,-0.04,-0.99,1
5.599,-0.03,0.04,0.12,0.13
5.609,-0.02,0.08,0.83,0.83
5.619,-0.02,0.04,0.51,0.51
5.629,-0.01,0,-0.46,0.46
5.639,-0.03,-0.01,-0.7,0.7
5.649,-0.02,-0.01,-0.07,0.07
5.659,-0.01,0,0.48,0.48
5.669,-0.05,0.12,0.3,0.32
5.679,-0.02,0.01,-0.3,0.3
5.689,-0.03,0.02,-0.41,0.41
5.699,-0.02,0.04,0,0.05
5.709,-0.02,0.05,0.34,0.34
5.719,-0.02,0.03,0.13,0.13
5.729,-0.02,0.01,-0.21,0.21
5.739,-0.03,0.01,-0.26,0.26
5.749,-0.03,0.04,0.05,0.07
5.759,-0.03,0.04,0.26,0.26
5.769,-0.02,0.03,0.03,0.04
5.779,-0.02,0.01,-0.21,0.21
5.788,-0.02,0.01,-0.15,0.15
5.798,-0.02,0.03,0.12,0.12
5.808,-0.02,0.03,0.19,0.19
5.818,-0.02,0.03,-0.02,0.04
5.828,-0.03,0.02,-0.19,0.19
5.838,-0.03,0.02,-0.09,0.1
5.848,-0.02,0.02,0.15,0.15
5.859,-0.02,0.03,0.13,0.13
5.868,-0.01,0.05,-0.15,0.16
5.878,0.06,0.21,-1.74,1.75
5.888,-0.18,-0.09,0.92,0.94
5.898,0,-0.15,1.36,1.37
5.908,0.05,0.02,0.98,0.98
5.918,-0.05,0.09,-1.34,1.34
5.928,-0.05,0,-1.36,1.36
5.938,-0.01,-0.01,-0.19,0.19
5.948,-0.03,0.14,1.69,1.69
5.958,-0.02,0.02,1.05,1.05
5.968,0.03,-0.09,-0.59,0.6
5.978,-0.06,0.06,-1.31,1.32
5.988,-0.05,0.04,-0.27,0.27
5.998,-0.02,0.08,0.74,0.75
6.008,-0.04,0.05,0.84,0.84
6.018,-0.01,0.04,-0.19,0.2
6.028,-0.04,0.03,-0.84,0.84
6.038,0,-0.07,-0.46,0.46
6.048,-0.03,0.07,0.33,0.33
6.058,-0.02,0.05,0.58,0.58
6.067,-0.02,0.02,0.02,0.03
6.077,-0.04,0.01,-0.47,0.47
6.087,-0.02,0.01,-0.29,0.29
6.097,-0.02,0.03,0.21,0.22
6.107,-0.02,0.04,0.36,0.37
6.117,-0.02,0.03,0,0.04
6.127,-0.02,0,-0.31,0.31
6.137,-0.03,0.01,-0.19,0.19
6.147,-0.03,0.03,0.2,0.2
6.157,-0.02,0.04,0.22,0.23
6.167,-0.03,0.02,-0.06,0.07
6.177,-0.02,0.01,-0.23,0.23
6.187,-0.02,0.02,-0.06,0.07
6.197,-0.03,0.03,0.15,0.16
6.207,-0.02,0.03,0.13,0.14
6.217,-0.02,0.02,-0.1,0.11
6.227,-0.02,0.01,-0.17,0.17
6.237,-0.03,0.02,0.02,0.04
6.247,-0.03,0.04,0.15,0.16
6.257,-0.03,0.03,0.03,0.05
6.267,-0.02,0.03,-0.13,0.14
6.277,0.02,0.17,-0.42,0.46
6.286,0.2,0.94,-1.51,1.79
6.296,-0.17,1.96,1.85,2.7
6.306,-0.57,-2.31,1.08,2.62
6.316,0.59,-1.37,0.41,1.55
6.326,-0.22,0.9,-1.63,1.87
6.336,-0.04,-0.13,-1.19,1.19
6.346,-0.02,-0.01,0.44,0.44
6.356,-0.02,0.16,1.75,1.76
6.366,0,0.02,0.68,0.68
6.376,0,-0.06,-1.01,1.02
6.386,-0.04,-0.02,-1.2,1.2
6.396,-0.03,0.04,0.04,0.07
6.406,-0.03,0.09,0.93,0.94
6.416,-0.03,0.03,0.61,0.61
6.426,-0.02,0.02,-0.51,0.51
6.436,-0.03,0.01,-0.79,0.79
6.446,-0.02,-0.02,-0.12,0.12
6.456,-0.03,0.09,0.52,0.53
6.466,-0.02,0,0.4,0.4
6.476,-0.01,0.03,-0.27,0.28
6.486,-0.03,0.02,-0.48,0.49
6.496,-0.03,0.03,-0.05,0.07
6.506,-0.02,0.05,0.39,0.39
6.516,-0.02,0.04,0.21,0.21
6.526,-0.02,0.01,-0.21,0.21
6.535,-0.02,0.01,-0.32,0.32
6.545,-0.02,0.03,0.02,0.05
6.555,-0.03,0.04,0.28,0.29
6.565,-0.02,0.03,0.09,0.1
6.575,-0.03,0.01,-0.2,0.2
6.585,-0.03,0.02,-0.21,0.22
6.595,-0.02,0.03,0.08,0.08
6.605,-0.02,0.04,0.21,0.21
6.615,-0.02,0.02,0.03,0.04
6.625,-0.03,0.01,-0.19,0.2
6.635,-0.03,0.03,-0.14,0.15
6.645,-0.03,0.04,0.09,0.1
6.655,0,0.07,-0.14,0.16
6.665,0.22,0.82,-1.24,1.5
6.675,0.86,2.59,0.62,2.8
6.685,-1.31,0.22,1.14,1.75
6.695,-0.38,-2.93,0.86,3.08
6.705,0.48,-1.37,-0.67,1.6
6.715,-0.09,0.74,-1.16,1.38
6.725,-0.03,-0.03,-0.27,0.27
6.735,-0.02,0.07,0.94,0.94
6.745,-0.01,0.06,0.97,0.97
6.755,-0.02,-0.05,-0.24,0.25
6.764,-0.01,0.01,-0.95,0.95
6.774,-0.01,0.07,-0.39,0.4
6.784,-0.01,0.05,0.5,0.5
6.795,-0.02,0.05,0.68,0.69
6.804,-0.02,0.03,-0.06,0.07
6.814,-0.02,-0.07,-0.67,0.68
6.824,-0.03,0.07,-0.37,0.38
6.834,-0.02,0.03,0.25,0.25
6.844,-0.02,0.05,0.48,0.48
6.854,-0.02,0.02,0.01,0.03
6.864,-0.02,0,-0.38,0.38
6.874,-0.02,0.02,-0.23,0.23
6.884,-0.02,0.04,0.2,0.21
6.894,-0.02,0.04,0.28,0.28
6.904,-0.03,0.02,-0.03,0.05
6.914,-0.03,0.02,-0.26,0.26
6.924,-0.02,0.02,-0.12,0.12
6.934,-0.04,0.04,0.16,0.17
6.944,-0.03,0.04,0.15,0.16
6.954,-0.03,0.02,-0.08,0.09
6.964,-0.02,0.01,-0.18,0.18
6.974,-0.02,0.03,-0.01,0.04
6.984,-0.02,0.03,0.15,0.15
6.994,-0.03,0.03,0.04,0.06
7.003,-0.03,0.02,-0.13,0.13
7.013,-0.02,0.02,-0.11,0.12
7.024,-0.02,0.03,0.05,0.06
7.033,0.03,0.08,-0.06,0.1
7.043,0.02,0.1,-1.3,1.3
7.053,-0.14,0.17,0.02,0.22
7.063,-0.03,-0.38,1.73,1.77
7.073,0.04,0.18,1.37,1.38
7.083,-0.03,0.02,-1.03,1.03
7.093,-0.04,-0.04,-1.66,1.66
7.103,-0.01,0,-0.56,0.56
7.113,-0.03,0.08,1.34,1.34
7.123,-0.03,0.07,1.42,1.42
7.133,-0.01,0,-0.23,0.23
7.143,-0.03,0.01,-1.41,1.41
7.153,-0.04,0.01,-0.65,0.65
7.163,-0.02,0.05,0.61,0.61
7.173,-0.03,0.08,1.03,1.04
7.183,-0.02,0.03,0.05,0.06
7.193,-0.02,-0.04,-0.89,0.89
7.203,-0.03,-0.02,-0.58,0.58
7.213,-0.03,0.07,0.3,0.31
7.223,-0.03,0.06,0.7,0.71
7.233,-0.03,0.03,0.12,0.13
7.243,-0.02,0,-0.52,0.52
7.252,-0.02,0.01,-0.41,0.41
7.263,-0.02,0.04,0.2,0.2
7.272,-0.02,0.05,0.45,0.45
7.282,-0.02,0.02,0.06,0.07
7.292,-0.01,0.01,-0.33,0.33
7.302,-0.02,0.02,-0.24,0.24
7.312,-0.02,0.03,0.16,0.17
7.322,-0.01,0.04,0.28,0.28
7.332,-0.01,0.03,-0.02,0.03
7.342,-0.02,0.02,-0.27,0.28
7.352,0.17,0.09,-0.47,0.5
7.362,-0.23,0.35,-1.82,1.86
7.372,0.45,0.52,2.23,2.33
7.382,-0.63,-1.17,1.48,1.99
7.392,0.13,0.22,0.49,0.55
7.402,-0.02,0.12,-1.94,1.94
7.412,0,0.01,-1.29,1.29
7.422,-0.03,-0.01,0.17,0.17
7.432,-0.02,0.16,1.82,1.83
7.442,-0.05,0,0.72,0.73
7.452,0.01,-0.03,-0.93,0.93
7.462,-0.04,0.01,-1.28,1.28
7.472,-0.01,0.02,0.03,0.04
7.482,-0.02,0.06,0.91,0.91
7.491,-0.03,0.06,0.64,0.65
7.502,0,0.01,-0.51,0.51
7.511,-0.03,-0.03,-0.85,0.85
7.521,-0.03,0.03,-0.11,0.12
7.531,-0.02,0.05,0.61,0.62
7.541,-0.03,0.04,0.45,0.45
7.551,-0.02,0.01,-0.28,0.29
7.561,-0.03,0,-0.53,0.53
7.571,-0.02,0.03,-0.06,0.07
7.581,-0.03,0.05,0.41,0.41
7.591,-0.03,0.03,0.22,0.23
7.601,-0.02,0.02,-0.21,0.22
7.611,-0.02,0.01,-0.34,0.34
7.621,0.03,0.13,-0.24,0.27
7.631,0.06,0.24,-1.04,1.07
7.641,-0.26,0.21,0.76,0.83
7.651,0.05,-0.66,1.45,1.59
7.661,0.04,0.35,1.02,1.08
7.671,-0.05,-0.06,-1.24,1.24
7.681,-0.04,-0.07,-1.49,1.49
7.691,-0.01,0.01,-0.24,0.24
7.701,-0.02,0.09,1.23,1.23
7.711,-0.03,0.05,1.02,1.02
7.721,0,0.01,-0.4,0.4
7.731,-0.02,-0.02,-1.13,1.13
7.741,-0.02,0.03,-0.29,0.3
7.75,-0.02,0.06,0.58,0.59
7.761,-0.02,0.05,0.68,0.68
7.77,-0.03,0.02,-0.17,0.18
7.78,-0.02,-0.16,-0.66,0.68
7.79,-0.01,0.12,-0.26,0.29
7.8,-0.02,0.08,0.37,0.38
7.81,-0.02,0.03,0.41,0.42
7.82,-0.02,0.01,-0.1,0.1
7.83,-0.02,0.02,-0.38,0.38
7.84,-0.02,0.03,-0.13,0.13
7.85,-0.01,0.03,0.26,0.26
7.86,-0.01,0.05,0.09,0.1
7.87,0.12,0.22,-1.3,1.32
7.88,0.24,1.19,-0.35,1.26
7.89,-0.71,-0.35,1.74,1.92
7.9,0.3,-1.54,1.78,2.38
7.91,0.02,0.8,-0.64,1.03
7.92,-0.1,-0.21,-1.97,1.98
7.93,0.02,-0.05,-0.94,0.94
7.94,-0.04,0.06,0.95,0.95
7.95,-0.03,0.14,1.71,1.71
7.96,0,-0.01,0.17,0.17
7.97,-0.01,-0.09,-1.41,1.41
7.979,-0.01,-0.08,-0.9,0.91
7.989,-0.03,0.1,0.33,0.34
7.999,-0.04,0.08,1.1,1.1
8.007,-0.04,-0.14,0.33,0.37
8.017,-0.03,-0.05,-0.75,0.75
8.027,0.02,0.31,-0.74,0.8
8.037,-0.09,-0.17,0.14,0.24
8.047,0.06,0.29,0.66,0.72
8.057,0.09,-0.66,-0.37,0.77
8.067,-0.04,0.72,-0.35,0.8
8.077,-0.3,0.71,-0.2,0.79
8.087,0.16,-0.6,1.26,1.4
8.097,0,-0.12,0.54,0.56
8.106,-0.06,0,-0.6,0.61
8.116,0,-0.11,-0.96,0.97
8.126,-0.01,0.16,-0.2,0.25
8.136,-0.05,0.14,0.77,0.79
8.146,-0.03,0.02,0.62,0.62
8.156,-0.01,0.02,-0.34,0.34
8.166,-0.03,0.03,-0.73,0.73
8.176,-0.03,0.1,-0.23,0.25
8.186,-0.02,-0.07,0.46,0.47
8.196,-0.02,0.06,0.5,0.5
8.206,-0.01,0.02,-0.14,0.15
8.216,-0.02,0,-0.54,0.54
8.226,-0.01,0,-0.42,0.42
8.236,0.04,0.15,-0.4,0.43
8.246,0.39,0.42,0.95,1.11
8.256,-0.89,-0.27,0.33,0.99
8.266,0.45,-0.21,0.58,0.76
8.276,-0.14,-0.07,-0.44,0.47
8.286,0.01,0.08,-0.63,0.64
8.296,-0.02,0.02,-0.25,0.25
8.306,-0.01,0.09,0.42,0.43
8.316,-0.03,0.03,0.49,0.49
8.326,-0.01,0.01,-0.15,0.15
8.335,-0.02,-0.08,-0.45,0.46
8.345,-0.09,-0.89,-0.24,0.92
8.355,-0.37,-1.82,0.23,1.87
8.365,-0.48,-2.48,0.27,2.54
8.375,0.1,-2.23,-0.15,2.24
8.385,0.55,1.25,-0.23,1.38
8.397,0.35,2.69,-0.87,2.84
8.406,0.29,2.78,0.09,2.8
8.416,-0.6,1.67,1.56,2.36
8.426,-0.04,-0.8,1.05,1.32
8.436,0.08,0.15,-0.83,0.85
8.446,-0.07,-0.03,-1.43,1.43
8.456,0,0.03,-0.51,0.51
8.466,-0.04,0.11,1,1.01
8.476,-0.02,0.07,1.06,1.06
8.486,0.01,-0.01,-0.23,0.23
8.496,-0.01,0.03,-1.13,1.13
8.506,-0.04,-0.07,-0.42,0.43
8.516,-0.02,0.05,0.53,0.53
8.526,-0.02,0.07,0.77,0.77
8.536,-0.02,0.04,-0.05,0.06
8.546,0,-0.04,-0.68,0.68
8.556,-0.01,-0.01,-0.49,0.49
8.566,-0.01,0.26,-1.01,1.05
8.576,0.06,0.96,1.37,1.68
8.586,-0.13,-0.84,1.26,1.51
8.596,-0.01,-0.37,0.49,0.61
8.606,-0.02,0.26,-1.4,1.42
8.616,-0.03,-0.11,-1,1
8.626,-0.01,0.02,-0.04,0.04
8.636,-0.04,0.11,1.27,1.28
8.645,-0.02,0.03,0.58,0.59
8.655,0,0.01,-0.6,0.6
8.666,-0.05,-0.02,-0.99,0.99
8.675,-0.13,-0.16,-0.07,0.21
8.685,-0.29,-0.58,0.61,0.89
8.695,0.01,-0.41,0.43,0.59
8.705,0.57,1.37,-0.78,1.68
8.715,-0.2,0.03,-1,1.02
8.725,-0.05,0.2,0.75,0.78
8.735,-0.01,-0.25,1.51,1.53
8.745,0,0.08,0.49,0.5
8.755,-0.02,0.01,-0.95,0.95
8.765,-0.03,-0.01,-1.12,1.12
8.775,-0.02,0.03,-0.07,0.08
8.785,-0.03,0.08,0.96,0.96
8.795,-0.01,0.08,0.5,0.5
8.805,-0.02,0.08,-0.56,0.57
8.815,-0.02,-0.11,-0.74,0.75
8.825,-0.01,0.01,-0.02,0.03
8.835,-0.02,0.05,0.59,0.59
8.845,-0.02,0.04,0.37,0.37
8.855,-0.02,0.01,-0.31,0.31
8.865,-0.03,-0.01,-0.51,0.51
8.874,-0.03,0.04,-0.01,0.05
8.884,-0.02,0.05,0.39,0.4
8.895,0.11,0.2,-0.43,0.49
8.904,-0.06,-0.08,-1.31,1.31
8.914,-0.02,1.58,1.19,1.98
8.924,-0.22,-1.56,1.83,2.41
8.934,0.14,-0.22,0.43,0.51
8.944,-0.08,0.29,-1.64,1.66
8.954,-0.02,-0.1,-1.39,1.4
8.965,0,0.01,0.09,0.1
8.974,-0.04,0.14,1.58,1.58
8.984,-0.02,0.03,0.85,0.85
8.994,0,-0.01,-0.9,0.9
9.004,-0.03,-0.07,-1.2,1.21
9.014,-0.01,0.04,-0.14,0.14
9.024,-0.04,0.1,0.88,0.89
9.034,-0.03,0.07,0.78,0.78
9.044,-0.02,0,-0.35,0.35
9.054,-0.04,-0.13,-0.9,0.91
9.064,-0.22,-0.74,-0.31,0.83
9.074,0.02,-0.19,-0.16,0.25
9.084,0.2,1.64,0.31,1.69
9.094,-0.11,-0.4,0.53,0.67
9.104,0.02,-0.09,0.71,0.72
9.114,-0.04,0.05,-0.33,0.34
9.124,-0.02,-0.01,-0.4,0.41
9.133,-0.03,0.03,-0.35,0.36
9.143,-0.03,0.04,0.39,0.39
9.153,-0.03,0.02,0.42,0.42
9.163,-0.02,0.03,-0.05,0.06
9.173,-0.03,0.02,-0.5,0.5
9.183,0,0.15,-0.31,0.34
9.193,-0.05,-0.02,0.14,0.15
9.203,-0.02,-0.04,0.34,0.34
9.213,-0.02,0.03,0.02,0.04
9.223,-0.02,0.01,-0.26,0.26
9.233,-0.03,0.02,-0.19,0.19
9.243,-0.02,0.03,0.13,0.13
9.253,-0.02,0.03,0.19,0.19
9.263,-0.02,0.02,0,0.03
9.273,-0.02,0.02,-0.18,0.19
9.283,-0.02,0.02,-0.11,0.11
9.293,-0.02,0.07,-0.03,0.08
9.303,0.01,0.08,-0.67,0.68
9.313,-0.07,0.47,0.21,0.52
9.323,-0.03,-0.54,0.76,0.93
9.333,0.03,0.01,0.69,0.69
9.343,-0.04,0.06,-0.62,0.63
9.353,-0.03,-0.05,-0.77,0.78
9.363,-0.02,0.03,-0.19,0.19
9.373,-0.01,0.07,0.75,0.75
9.382,-0.02,0.05,0.68,0.68
9.392,-0.01,-0.01,-0.15,0.15
9.402,-0.02,0,-0.66,0.66
9.412,-0.02,0.01,-0.28,0.28
9.422,-0.02,0.04,0.25,0.26
9.432,0,0.06,0.36,0.37
9.442,-0.03,0.04,-0.08,0.1
9.452,-0.05,0,-0.38,0.39
9.462,-0.02,0.01,-0.16,0.17
9.472,-0.03,0.04,0.2,0.21
9.482,-0.02,0.03,0.23,0.23
9.492,-0.02,0.02,-0.07,0.07
9.502,-0.02,0.01,-0.22,0.22
9.512,-0.02,0.02,-0.08,0.09
9.522,-0.01,0.04,0.15,0.16
9.532,-0.02,0.04,0.11,0.12
9.542,-0.02,0.02,-0.07,0.08
9.552,-0.02,-0.03,-0.21,0.21
9.562,0.05,0.1,-0.94,0.95
9.572,0.48,0.53,0,0.72
9.581,0.32,0.2,1.32,1.37
9.592,-1.43,-1.02,0.78,1.92
9.602,0.49,0.41,-0.22,0.68
9.611,-0.1,-0.11,-1.18,1.19
9.621,-0.01,0,-0.55,0.55
9.632,-0.02,0.06,0.63,0.63
9.641,-0.03,0.07,0.91,0.91
9.651,-0.01,0.01,0.15,0.15
9.661,-0.02,0,-0.81,0.81
9.671,-0.03,-0.01,-0.48,0.48
9.681,-0.01,0.04,0.16,0.16
9.691,-0.03,0.05,0.55,0.56
9.701,-0.03,0,0.11,0.11
9.711,-0.01,-0.03,-0.43,0.43
9.721,-0.01,0,-0.34,0.34
9.731,-0.03,0.04,0.14,0.15
9.741,-0.09,0.05,0.36,0.38
9.751,0.02,0.07,0.02,0.07
9.761,0.01,0.01,-0.3,0.3
9.771,0,0.02,-0.18,0.18
9.781,-0.02,0.04,0.14,0.15
9.791,0,0.02,0.06,0.06
9.801,-0.01,0.03,-0.72,0.73
9.811,0.11,0.11,0.1,0.18
9.821,-0.2,-0.09,0.57,0.61
9.831,0.03,0.09,0.69,0.7
9.84,-0.03,-0.01,-0.23,0.24
9.851,-0.01,-0.01,-0.71,0.71
9.86,-0.02,0.01,-0.23,0.23
9.87,-0.02,0.06,0.54,0.54
9.88,-0.02,0.05,0.59,0.59
9.89,-0.02,0.01,-0.07,0.07
9.9,-0.02,0,-0.56,0.56
9.91,-0.02,0,-0.3,0.3
9.92,-0.02,0.04,0.21,0.21
9.93,-0.04,0.02,0.36,0.36
9.94,-0.01,0.01,-0.05,0.05
9.951,-0.04,0.01,-0.36,0.36
9.96,-0.02,0.04,-0.18,0.18
9.97,-0.01,0.04,0.18,0.18
9.98,-0.01,0.04,0.24,0.25
9.99,-0.02,0.02,-0.05,0.05
10,-0.01,0.01,-0.24,0.24
10.01,-0.03,0.02,-0.1,0.11
10.02,-0.02,0.03,0.14,0.14
10.03,-0.02,0.03,0.07,0.07
10.04,0.02,-0.02,-0.58,0.58
10.05,0.03,-0.01,-0.26,0.26
10.06,-0.07,0.08,0.47,0.48
10.07,-0.05,0.07,0.91,0.91
10.08,-0.01,0.02,0.04,0.04
10.089,-0.03,-0.02,-0.73,0.73
10.099,-0.02,-0.02,-0.55,0.55
10.11,-0.02,0.04,0.27,0.27
10.12,-0.03,0.05,0.75,0.75
10.13,-0.01,0.03,0.18,0.18
10.139,-0.03,0,-0.51,0.51
10.15,-0.03,0,-0.45,0.45
10.159,-0.02,0.03,0.12,0.12
10.169,-0.02,0.04,0.46,0.47
10.179,-0.03,0.02,0.13,0.13
10.189,-0.02,0,-0.32,0.32
10.199,-0.03,0.02,-0.32,0.32
10.209,-0.05,0.04,0.07,0.09
10.219,0,0.01,0.27,0.27
10.229,-0.03,0.02,0.05,0.06
10.239,-0.03,0.02,-0.21,0.21
10.249,-0.02,0.03,-0.16,0.17
10.259,-0.02,0.03,0.11,0.11
10.269,-0.02,0.03,0.15,0.16
10.279,-0.03,0.03,-0.05,0.06
10.289,-0.02,0.01,-0.23,0.24
10.299,-0.02,0,-0.35,0.35
10.309,0.01,0,-0.46,0.46
10.319,-0.05,0.07,0.72,0.72
10.329,-0.04,0.08,0.84,0.84
10.338,0.02,0,0.26,0.26
10.349,-0.04,0,-0.85,0.85
10.358,-0.02,-0.01,-0.71,0.71
10.368,-0.02,0.02,0.18,0.18
10.378,-0.02,0.06,0.77,0.78
10.388,-0.03,0.03,0.33,0.33
10.398,-0.02,0,-0.46,0.46
10.408,-0.03,-0.01,-0.54,0.54
10.418,-0.03,0.03,0.07,0.08
10.428,-0.03,0.05,0.43,0.44
10.438,-0.02,0.02,0.2,0.2
10.448,-0.01,0.02,-0.29,0.29
10.458,-0.02,0,-0.35,0.35
10.468,-0.02,0.02,0.03,0.04
10.478,-0.02,0.03,0.26,0.27
10.488,-0.03,0.03,0.09,0.09
10.498,-0.03,0.01,-0.2,0.2
10.508,-0.02,0.02,-0.18,0.18
10.518,-0.02,0.03,0.08,0.09
10.528,-0.03,0.03,0.17,0.18
10.538,-0.02,0.02,-0.02,0.03
10.548,-0.02,0.01,-0.2,0.2
10.558,-0.02,0,-0.28,0.28
10.567,-0.01,0,-0.1,0.1
10.578,-0.03,0.07,0.38,0.39
10.588,-0.02,0.06,0.43,0.44
10.597,-0.01,0.01,-0.07,0.07
10.608,-0.02,0,-0.45,0.45
10.618,-0.01,0.01,-0.25,0.25
10.627,-0.02,0.03,0.26,0.26
10.637,-0.03,0.05,0.35,0.35
10.647,-0.02,0.02,-0.01,0.03
10.657,-0.03,0,-0.32,0.32
10.667,-0.02,0.01,-0.15,0.15
10.677,-0.02,0.03,0.19,0.19
10.687,-0.03,0.04,0.18,0.19
10.697,-0.02,0.01,-0.07,0.08
10.707,-0.02,0.01,-0.23,0.23
10.717,-0.02,0.02,-0.07,0.07
10.727,-0.02,0.03,0.12,0.13
10.737,-0.02,0.02,0.08,0.09
10.747,-0.02,0.02,-0.11,0.11
10.757,-0.02,0.02,-0.13,0.13
10.767,-0.03,0.02,0.02,0.04
10.777,-0.02,0.03,0.11,0.11
10.787,-0.02,0.02,-0.01,0.03
10.797,-0.02,0.02,-0.12,0.12
10.807,-0.02,0.02,-0.04,0.05
10.817,-0.02,0.03,0.07,0.08
10.826,-0.02,0.02,0.07,0.08
10.836,-0.02,0.02,-0.04,0.05
10.846,-0.01,0.02,-0.1,0.11
10.856,-0.02,0.02,-0.03,0.05
10.866,-0.02,0.03,0.07,0.07
10.876,-0.02,0.02,0.05,0.06
10.886,-0.02,0.02,-0.05,0.06
10.896,-0.02,0.02,-0.08,0.09
10.906,-0.02,0.02,-0.01,0.03
10.916,-0.02,0.02,0.06,0.06
10.926,-0.03,0.02,0.03,0.04
10.936,-0.02,0.02,-0.05,0.06
10.946,-0.02,0.02,-0.06,0.07
10.956,-0.02,0.03,0,0.03
10.966,-0.02,0.03,0.04,0.05
10.976,-0.02,0.01,0.01,0.02
10.986,-0.02,0.02,-0.05,0.06
10.996,-0.03,0.01,-0.05,0.06
11.006,-0.02,0.02,0,0.03
11.016,-0.01,0.03,0.03,0.04
11.026,-0.01,0.02,-0.01,0.02
11.036,-0.01,0.02,-0.05,0.05
11.046,-0.01,0.02,-0.02,0.03
11.055,-0.02,0.02,0.01,0.02
11.066,-0.02,0.02,0.01,0.03
11.075,-0.02,0.02,-0.02,0.04
11.085,-0.02,0.02,-0.03,0.04
11.095,-0.02,0.02,-0.02,0.03
11.105,-0.02,0.02,0,0.03
11.115,-0.02,0.02,0,0.03
11.125,-0.02,0.02,-0.02,0.04
11.135,-0.02,0.03,-0.01,0.04
11.145,-0.02,0.02,0,0.03
11.155,-0.02,0.02,0,0.03
11.165,-0.01,0.02,-0.02,0.03
11.175,-0.02,0.03,-0.03,0.04
11.185,-0.01,0.03,-0.02,0.04
11.195,-0.02,0.02,0,0.03
11.205,-0.02,0.02,-0.01,0.03
11.215,-0.02,0.02,-0.02,0.03
11.225,-0.02,0.02,-0.01,0.03
11.235,-0.02,0.02,0,0.03
11.245,-0.03,0.01,0,0.03
11.255,-0.02,0.02,-0.02,0.03
11.265,-0.02,0.02,-0.02,0.04
11.275,-0.01,0.02,0,0.02
11.285,-0.02,0.02,0.01,0.03
11.295,-0.02,0.02,0,0.03
11.304,-0.01,0.02,-0.02,0.03
11.314,-0.01,0.02,-0.03,0.04
11.324,-0.01,0.02,0,0.02
11.335,-0.03,0.02,0,0.03
11.344,-0.02,0.02,0,0.02
11.354,-0.02,0.02,-0.02,0.03
11.364,-0.02,0.02,-0.01,0.03
11.374,-0.02,0.02,-0.01,0.03
11.384,-0.01,0.02,0.01,0.02
11.394,-0.01,0.02,0,0.02
11.404,-0.02,0.02,-0.03,0.04
11.414,-0.02,0.02,-0.02,0.03
11.424,-0.01,0.03,0,0.03
11.434,-0.02,0.02,0,0.03
11.444,-0.01,0.02,-0.01,0.02
11.454,-0.01,0.02,-0.02,0.03
11.464,-0.02,0.02,-0.01,0.02
11.474,-0.02,0.02,0,0.03
11.484,-0.02,0.03,-0.01,0.03
11.494,-0.02,0.03,-0.01,0.03
11.504,-0.01,0.02,-0.01,0.03
11.514,-0.02,0.02,-0.02,0.03
11.524,-0.02,0.01,-0.01,0.03
11.534,-0.02,0.02,-0.01,0.03
11.543,-0.02,0.02,-0.01,0.03
11.553,-0.02,0.02,0,0.03
11.563,-0.01,0.01,-0.01,0.02
11.573,-0.01,0.01,-0.01,0.02
11.583,-0.02,0.02,-0.01,0.03
11.593,-0.01,0.02,-0.01,0.03
11.603,-0.03,0.02,-0.01,0.04
11.613,-0.02,0.02,-0.01,0.03
11.623,-0.02,0.01,-0.01,0.02
11.633,-0.02,0.02,-0.01,0.03
11.643,-0.02,0.02,-0.02,0.03
11.653,-0.05,0.02,-0.01,0.06
11.663,0.02,0.01,0,0.02
11.673,-0.02,0.02,-0.01,0.03
11.683,-0.02,0.02,-0.01,0.03
11.693,-0.02,0.02,-0.01,0.03
11.703,-0.02,0.01,-0.01,0.02
11.713,-0.02,0.01,-0.01,0.03
11.723,-0.02,0.02,0,0.03
11.733,-0.01,0.01,-0.01,0.02
11.743,-0.02,0.01,-0.01,0.02
11.753,-0.02,0.01,-0.01,0.03
11.763,-0.02,0.01,-0.01,0.02
11.773,-0.01,0.02,-0.01,0.03
11.783,-0.02,0.02,-0.01,0.03
11.793,-0.02,0.02,-0.01,0.03
11.802,-0.02,0.03,0,0.04
11.812,-0.02,0.02,-0.01,0.03
11.822,-0.01,0.02,0,0.02
11.832,-0.02,0.02,-0.02,0.04
11.842,-0.03,0.02,0,0.03
11.852,-0.02,0.02,0,0.03
11.862,-0.01,0.02,0,0.02
11.872,-0.02,0.02,-0.01,0.02
11.882,-0.02,0.02,-0.01,0.03
11.892,-0.02,0.01,-0.01,0.03
11.902,-0.02,0.02,0,0.03
11.912,-0.02,0.01,-0.01,0.03
11.922,-0.01,0.02,-0.01,0.02
11.932,-0.02,0.02,-0.01,0.03
11.942,-0.02,0.01,-0.01,0.03
11.952,-0.01,0.02,-0.01,0.02
11.962,-0.02,0.02,-0.01,0.03
11.972,-0.02,0.02,-0.01,0.03
11.982,-0.02,0.02,-0.01,0.03
11.992,-0.02,0.02,-0.02,0.04
12.002,-0.02,0.02,-0.02,0.03
12.01,-0.01,0.02,-0.01,0.02
12.02,-0.01,0.02,0,0.03
12.03,-0.02,0.02,-0.01,0.03
12.04,-0.02,0.02,-0.01,0.03
12.05,-0.02,0.02,-0.01,0.03
12.06,-0.01,0.02,-0.02,0.03
12.07,-0.01,0.02,0,0.02
12.08,-0.02,0.02,-0.01,0.03
12.09,-0.02,0.02,-0.02,0.03
12.1,-0.02,0.02,-0.01,0.03
12.11,-0.01,0.02,-0.01,0.02
12.12,-0.01,0.01,-0.01,0.02
12.13,-0.01,0.01,-0.01,0.02
12.14,-0.02,0.01,-0.02,0.03
12.15,-0.02,0.02,-0.02,0.04
12.16,-0.02,0.02,-0.01,0.03
12.17,-0.01,0.02,-0.02,0.03
12.18,-0.01,0.01,-0.02,0.02
12.19,-0.02,0.02,-0.02,0.03
12.199,-0.01,0.02,-0.02,0.03
12.209,-0.01,0.02,-0.01,0.02
12.219,-0.02,0.02,-0.01,0.03
12.229,-0.02,0.02,0,0.03
12.239,-0.02,0.02,-0.01,0.03
12.249,-0.01,0.01,0,0.02
12.259,-0.02,0.02,-0.01,0.03
12.269,-0.02,0.01,0,0.02
12.279,-0.02,0.01,-0.01,0.03
12.289,-0.02,0.02,-0.02,0.03
12.299,-0.02,0.01,-0.01,0.03
12.309,-0.01,0.01,-0.01,0.02
12.319,-0.02,0.02,-0.02,0.03
12.329,-0.01,0.03,-0.01,0.03
12.339,-0.01,0.01,-0.01,0.02
12.349,-0.01,0.02,0,0.02
12.359,-0.02,0.02,-0.01,0.03
12.37,-0.02,0.01,-0.01,0.03
12.38,-0.02,0.01,-0.01,0.03
12.39,-0.01,0.01,-0.01,0.02
12.4,-0.02,0.01,-0.01,0.03
12.41,-0.02,0.01,-0.02,0.03
12.42,-0.01,0.01,-0.01,0.02
12.43,-0.02,0.01,-0.01,0.02
12.44,-0.03,0.01,-0.01,0.03
12.45,-0.01,0.01,0,0.01
12.46,-0.01,0.02,0,0.02
12.47,-0.01,0.01,-0.01,0.02
12.48,-0.02,0.01,-0.01,0.02
12.49,-0.02,0.01,0,0.02
12.5,-0.01,0.01,-0.01,0.02
12.509,-0.02,0.02,-0.02,0.03
12.519,-0.02,0.01,-0.01,0.03
12.529,-0.02,0.02,-0.02,0.03
12.539,-0.02,0.02,-0.01,0.03
12.549,-0.02,0.01,-0.01,0.02
12.559,-0.02,0.01,-0.01,0.03
12.569,-0.02,0.01,0,0.02
12.579,-0.01,0.02,-0.01,0.02
12.589,-0.01,0.01,0,0.02
12.599,-0.02,0.02,-0.01,0.03
12.609,-0.01,0.01,0,0.02
12.619,-0.01,0.01,-0.01,0.02
12.629,-0.01,0.01,-0.01,0.02
12.639,-0.01,0.02,-0.01,0.02
12.649,-0.02,0.01,-0.01,0.02
12.659,-0.01,0.01,-0.01,0.02
12.669,-0.02,0.01,-0.01,0.02
12.679,-0.02,0.01,-0.02,0.03
12.689,-0.01,0.02,-0.01,0.03
12.699,-0.02,0.02,-0.01,0.03
12.709,-0.02,0.02,0,0.03
12.719,-0.01,0.01,-0.01,0.02
12.729,-0.02,0.01,-0.01,0.03
12.739,-0.02,0.01,-0.01,0.03
12.749,-0.01,0.02,-0.01,0.02
12.758,-0.01,0.01,-0.01,0.02
12.769,-0.02,0.01,-0.02,0.03
12.778,-0.02,0.01,-0.01,0.02
12.788,-0.02,0.02,-0.01,0.03
12.798,-0.02,0.01,-0.01,0.02
12.808,-0.02,0.01,0,0.02
12.818,-0.01,0.02,-0.01,0.02
12.828,-0.02,0.02,-0.02,0.03
12.838,-0.02,0.01,-0.01,0.02
12.848,-0.02,0.01,-0.01,0.02
12.858,-0.02,0.02,-0.01,0.03
12.868,-0.01,0.01,-0.01,0.02
12.878,-0.01,0.02,-0.01,0.02
12.888,-0.01,0.01,-0.01,0.02
12.898,-0.01,0.01,-0.01,0.02
12.908,-0.02,0.01,-0.01,0.03
12.918,-0.02,0.01,-0.01,0.03
12.928,-0.02,0.02,-0.01,0.03
12.938,-0.02,0.01,-0.01,0.03
12.948,-0.02,0.02,-0.02,0.03
12.958,-0.02,0.01,-0.02,0.03
12.968,-0.01,0.02,-0.01,0.02
12.978,-0.02,0.03,-0.01,0.04
12.988,-0.02,0.02,-0.01,0.03
12.998,-0.02,0.01,-0.01,0.02
13.008,-0.02,0.02,-0.01,0.02
13.017,-0.01,0.01,0,0.01
13.027,-0.01,0.01,0,0.02
13.037,-0.02,0.02,-0.01,0.02
13.047,-0.02,0.01,-0.01,0.03
13.057,-0.02,0.01,-0.01,0.02
13.067,-0.02,0.01,0,0.02
13.077,-0.02,0.01,-0.01,0.02
13.087,-0.01,0.01,-0.01,0.02
13.097,-0.01,0.01,0,0.02
13.107,-0.01,0.01,-0.01,0.02
13.117,-0.02,0.02,-0.01,0.03
13.127,-0.03,0.01,-0.01,0.03
13.137,-0.02,0.01,-0.01,0.03
13.147,-0.02,0.02,-0.01,0.02
13.157,-0.01,0.01,-0.01,0.02
13.167,-0.01,0.01,-0.01,0.02
13.177,-0.02,0.01,-0.01,0.02
13.187,-0.01,0.01,-0.01,0.02
13.197,-0.02,0.02,-0.01,0.03
13.207,-0.02,0.01,-0.01,0.02
13.217,-0.01,0.01,-0.01,0.01
13.227,-0.01,0.02,-0.02,0.03
13.237,-0.01,0.01,-0.01,0.02
13.246,-0.01,0.01,-0.01,0.02
13.256,-0.02,0.01,0,0.02
13.266,-0.01,0.01,-0.01,0.02
13.276,-0.02,0.01,-0.02,0.03
13.286,-0.02,0.01,-0.01,0.02
13.296,-0.01,0.01,-0.01,0.01
13.306,-0.01,0.01,0,0.01
13.316,-0.01,0.02,-0.01,0.02
13.326,-0.01,0.01,-0.01,0.02
13.336,-0.01,0.02,-0.01,0.03
13.346,-0.02,0.02,-0.01,0.03
13.356,-0.01,0.01,0,0.02
13.366,-0.02,0.01,-0.01,0.02
13.376,-0.01,0.02,-0.02,0.02
13.386,-0.02,0.01,-0.01,0.02
13.396,-0.02,0.01,0,0.02
13.406,-0.01,0.01,-0.01,0.02
13.416,-0.01,0.01,-0.02,0.03
13.426,-0.01,0.01,-0.02,0.03
13.436,-0.01,0.01,-0.02,0.02
13.446,-0.01,0.02,0,0.02
13.456,-0.02,0.01,0.01,0.02
13.466,-0.02,0.02,0,0.02
13.475,-0.01,0.02,-0.01,0.02
13.485,-0.01,0.01,-0.01,0.02
13.496,0.01,0.01,0,0.01
13.506,-0.02,0.01,-0.01,0.02
13.515,-0.03,0,-0.01,0.04
13.525,-0.02,-0.01,-0.01,0.02
13.535,0,0.02,-0.01,0.02
13.545,-0.02,0.01,-0.01,0.02
13.555,-0.01,0.02,-0.02,0.03
13.565,-0.01,0.01,-0.01,0.02
13.575,-0.02,0.01,-0.01,0.02
13.585,-0.02,0.02,-0.01,0.03
13.595,-0.02,0.02,0,0.03
13.605,-0.01,0.03,0,0.03
13.615,-0.01,0.03,-0.01,0.04
13.625,-0.02,0.01,-0.02,0.03
13.635,-0.02,0,-0.03,0.04
13.645,-0.01,0,-0.01,0.02
13.655,-0.02,0.01,-0.01,0.02
13.665,-0.01,0.02,-0.01,0.02
13.675,-0.01,0,-0.02,0.03
13.685,0,-0.03,-0.02,0.03
13.695,-0.03,0.03,-0.01,0.04
13.705,-0.03,0.04,0,0.05
13.715,-0.01,0.01,-0.01,0.02
13.724,-0.01,0.01,-0.02,0.03
13.735,-0.02,0.01,-0.02,0.03
13.745,-0.01,0.01,0,0.02
13.754,-0.01,0.02,0.01,0.03
13.764,-0.01,0.01,-0.02,0.02
13.774,-0.02,0.01,-0.02,0.03
13.784,-0.01,0.01,-0.01,0.02
13.794,0.02,0,-0.04,0.04
13.804,0,-0.05,-0.23,0.23
13.814,-0.01,0.03,0.22,0.22
13.824,-0.07,0.05,0.21,0.22
13.834,0.02,-0.02,-0.29,0.29
13.844,0.06,-0.18,-0.18,0.27
13.854,0.32,-0.43,0.23,0.58
13.864,-0.14,0.5,0.29,0.6
13.874,-0.06,0.1,-0.09,0.15
13.884,-0.08,0.13,-0.39,0.42
13.894,-0.35,0.04,-1.24,1.29
13.904,-0.07,-0.15,-1.15,1.16
13.914,0.15,0.11,2.05,2.06
13.924,0.03,0.19,2.75,2.75
13.934,0.01,0.05,1.05,1.05
13.944,0.01,0.05,-2.56,2.56
13.954,-0.26,-0.16,-2.61,2.63
13.963,0.07,-0.02,-0.01,0.08
13.973,-0.01,0.15,2.02,2.03
13.983,5.65,2.16,3.35,6.91
13.993,1.97,-4.47,-0.6,4.93
14.003,-0.75,-5.21,-6.25,8.18
14.013,-0.57,-3.95,-0.04,3.99
14.023,-1.89,-3.44,4.05,5.64
14.033,-1.83,-2.54,0.2,3.14
14.043,-2.16,-1.97,-0.35,2.94
14.053,-1.67,-1.31,-1.5,2.6
14.063,-1.26,-0.85,-0.54,1.61
14.073,-1.07,-0.45,1.06,1.57
14.083,-1.36,-0.07,0.54,1.47
14.093,-1.27,0.58,-0.47,1.47
14.103,-1.26,1.12,-0.16,1.69
14.113,-0.83,1.46,-0.15,1.69
14.123,-0.42,1.77,0.03,1.82
14.133,-0.29,2.01,0.54,2.1
14.143,-0.17,1.96,0.36,2.01
14.153,-0.14,1.73,-0.74,1.89
14.163,-0.47,1.74,-0.25,1.81
14.173,-0.69,1.62,0.25,1.78
14.183,-0.71,1.43,0.33,1.63
14.193,-0.4,0.95,0.07,1.04
14.203,-0.01,-0.1,-0.28,0.29
14.212,0.08,-0.18,-0.32,0.37
14.222,0.06,0.1,0.17,0.2
14.232,-0.07,0.03,0.25,0.26
14.242,0,0.02,-0.04,0.05
14.252,0,0.02,-0.25,0.25
14.262,-0.01,0.01,-0.09,0.09
14.272,-0.02,0.03,0.18,0.18
14.282,-0.02,0.02,0.13,0.14
14.292,-0.01,0.02,-0.07,0.08
14.302,0,0.02,-0.17,0.17
14.312,-0.01,0.02,-0.02,0.03
14.322,-0.03,0.02,0.15,0.15
14.332,-0.01,0.03,0.07,0.08
14.342,-0.01,0.02,-0.12,0.13
14.352,0,0.02,-0.14,0.14
14.362,-0.01,0.02,0.03,0.04
14.372,-0.02,0.03,0.14,0.14
14.382,-0.01,0.03,0.02,0.04
14.392,0,0.02,-0.11,0.12
14.402,-0.01,0.02,-0.1,0.1
14.412,-0.02,0.03,0.03,0.05
14.422,-0.02,0.03,0.11,0.11
14.432,-0.01,0.02,0,0.03
14.442,0,0.02,-0.12,0.12
14.451,-0.02,0.02,-0.08,0.09
14.462,-0.02,0.02,0.04,0.05
14.471,-0.02,0.02,0.08,0.09
14.481,-0.01,0.02,0,0.02
14.491,-0.02,0.02,-0.08,0.08
14.501,-0.01,0.02,-0.04,0.05
14.511,-0.02,0.02,0.03,0.04
14.521,-0.02,0.03,0.05,0.06
14.531,-0.01,0.02,0,0.02
14.541,-0.02,0.02,-0.06,0.07
14.551,-0.01,0.02,-0.04,0.04
14.561,-0.01,0.02,0.02,0.03
14.571,-0.02,0.02,0.02,0.04
14.581,-0.02,0.02,-0.01,0.03
14.591,-0.02,0.02,-0.02,0.03
14.601,-0.02,0.02,-0.02,0.03
14.611,-0.02,0.02,0,0.02
14.621,-0.01,0.02,-0.01,0.03
14.631,-0.02,0.03,-0.01,0.04
14.641,-0.01,0.02,-0.02,0.03
14.651,-0.03,0.02,-0.01,0.03
14.661,-0.02,0.02,0,0.02
14.671,-0.01,0.02,-0.02,0.03
14.681,-0.01,0.02,-0.01,0.03
14.69,-0.02,0.02,0,0.03
14.7,-0.02,0.02,-0.01,0.03
14.71,-0.02,0.03,-0.02,0.05
14.72,-0.01,0.02,-0.02,0.03
14.73,-0.01,0.03,0,0.03
14.74,-0.03,0.03,0.01,0.05
14.75,-0.04,0.03,-0.01,0.05
14.76,0.01,0.01,-0.03,0.03
14.77,0,0.02,-0.02,0.03
14.78,-0.01,0.02,0.01,0.03
14.79,-0.01,0.02,0.01,0.03
14.8,-0.02,0.02,-0.02,0.03
14.81,-0.02,0.01,-0.03,0.04
14.82,-0.01,0.02,-0.02,0.03
14.83,-0.01,0.02,0,0.03
14.84,-0.02,0.03,0,0.03
14.85,-0.01,0,-0.03,0.03
14.86,-0.01,0.03,-0.03,0.04
14.87,0,0.05,-0.01,0.05
14.88,0,0.04,0.01,0.04
14.89,-0.03,0,-0.01,0.03
14.9,-0.03,-0.01,-0.03,0.04
14.91,-0.03,0,-0.03,0.04
14.92,-0.02,0.02,-0.02,0.03
14.93,-0.01,0.02,0,0.03
14.939,-0.02,0.02,0.01,0.03
14.949,-0.01,0.02,0.01,0.02
14.96,-0.01,0.03,-0.01,0.03
14.969,0,0.02,-0.03,0.03
14.979,-0.01,0.02,-0.02,0.03
14.99,0,0.02,-0.02,0.03
14.999,-0.01,0.02,-0.01,0.03
15.01,0,0.03,0.02,0.04
15.019,-0.03,0.02,0.01,0.03
15.029,-0.03,0.03,-0.05,0.06
15.039,-0.02,0.02,-0.02,0.03
15.049,-0.02,0.03,0,0.03
15.059,-0.02,0.02,0.02,0.04
15.069,-0.02,0.02,-0.01,0.03
15.079,-0.01,0.02,-0.05,0.06
15.089,-0.01,0.02,-0.03,0.04
15.099,-0.02,0.02,0.01,0.03
15.109,-0.01,0.02,0.02,0.03
15.119,-0.02,0.01,-0.03,0.03
15.129,-0.01,0.03,-0.03,0.04
15.139,-0.02,0.02,0,0.03
15.148,-0.02,0.02,0.02,0.04
15.159,-0.01,0.02,-0.01,0.03
15.169,-0.01,0.02,-0.04,0.04
15.178,-0.01,0.02,-0.02,0.03
15.188,-0.01,0.03,0,0.03
15.198,0,0.02,0,0.02
15.208,-0.02,0.03,0,0.04
15.218,-0.01,0.02,-0.03,0.03
15.228,-0.01,0.02,-0.02,0.03
15.238,-0.01,0.02,0,0.02
15.248,-0.02,0.02,0.01,0.03
15.258,-0.01,0.03,-0.01,0.03
15.268,-0.01,0.02,-0.01,0.03
15.278,-0.02,0.03,0,0.03
15.288,-0.02,0.02,0,0.03
15.298,-0.02,0.01,-0.01,0.02
15.308,-0.01,0.03,-0.01,0.03
15.318,-0.01,0.02,-0.01,0.02
15.328,-0.01,0.01,-0.01,0.02
15.338,-0.01,0.02,-0.01,0.03
15.348,-0.01,0.02,-0.01,0.02
15.358,-0.01,0.03,-0.01,0.03
15.368,-0.02,0.02,-0.01,0.03
15.378,-0.02,0.02,0,0.03
15.388,-0.02,0.02,0,0.03
15.398,-0.02,0.02,-0.01,0.02
15.408,-0.01,0.03,-0.01,0.03
15.418,-0.02,0.02,-0.01,0.03
15.427,-0.02,0.02,-0.01,0.03
15.437,-0.01,0.02,-0.02,0.03
15.447,-0.01,0.02,0,0.02
15.457,-0.01,0.02,0,0.02
15.467,-0.01,0.02,-0.01,0.03
15.477,-0.01,0.02,-0.01,0.03
15.487,-0.01,0.02,-0.01,0.03
15.497,-0.01,0.03,-0.01,0.03
15.507,0,0.02,-0.01,0.03
15.517,-0.02,0.02,-0.01,0.03
15.527,-0.02,0.01,-0.02,0.03
15.537,-0.01,0.03,-0.01,0.03
15.547,-0.01,0.01,-0.02,0.03
15.557,-0.02,0.01,-0.01,0.02
15.567,-0.01,0.01,-0.02,0.03
15.577,-0.01,0.06,0,0.06
15.587,-0.01,0.02,-0.01,0.03
15.597,-0.02,0.03,-0.01,0.03
15.607,-0.02,0.02,-0.02,0.03
15.617,-0.01,0.02,-0.02,0.03
15.627,-0.02,0.01,0,0.02
15.637,-0.02,0,0,0.02
15.647,-0.02,0.01,-0.02,0.02
15.657,-0.02,0.02,-0.03,0.03
15.666,-0.02,0.03,-0.02,0.04
15.677,-0.01,0.04,-0.01,0.04
15.686,0,0.05,-0.01,0.05
15.696,-0.01,0.02,-0.06,0.07
15.706,-0.02,0.01,0.02,0.03
15.716,-0.01,0.03,0.11,0.11
15.726,-0.01,0.03,0.01,0.03
15.736,-0.01,0.02,-0.1,0.11
15.746,-0.01,0.04,-0.06,0.07
15.756,-0.02,0.03,0.03,0.05
15.766,-0.02,0.02,0.06,0.07
15.776,0,0.02,-0.04,0.04
15.786,0,0.03,-0.08,0.08
15.796,-0.01,0.02,-0.03,0.04
15.806,-0.01,0.03,0.05,0.06
15.816,-0.01,0.02,0.03,0.04
15.826,-0.01,0.02,-0.04,0.05
15.836,-0.01,0.02,-0.04,0.05
15.846,-0.02,0.02,0.01,0.03
15.856,-0.01,0.03,0.03,0.04
15.866,0,0.01,-0.01,0.02
15.876,-0.01,0.01,-0.05,0.05
15.886,0.01,0.02,-0.03,0.04
15.896,-0.01,0.01,0.01,0.02
15.906,-0.02,0.02,0.01,0.03
15.915,0.01,0.01,-0.02,0.03
15.925,0.02,0.02,-0.04,0.05
15.935,0.02,0.04,-0.01,0.05
15.945,-0.01,0.04,0.01,0.04
15.955,-0.06,0.05,0.02,0.08
15.965,-0.03,0.04,-0.01,0.05
15.975,-0.03,0.03,-0.02,0.04
15.985,-0.02,0.04,0,0.04
15.995,-0.01,0.03,0.02,0.04
16.005,-0.02,0.02,-0.01,0.03
16.014,-0.02,0.02,-0.03,0.04
16.024,-0.01,0.02,-0.02,0.03
16.034,-0.03,-0.01,-0.01,0.03
16.044,-0.02,0,0.01,0.03
16.054,0.03,0.04,-0.02,0.06
16.064,0.01,0.05,-0.03,0.06
16.074,0.06,0,-0.03,0.07
